experiment,study
https://w3id.org/mexo/resource/experiment/exp-k2009-f01-abc,https://w3id.org/mexo/resource/study/study-karaboga-akay-2009
https://w3id.org/mexo/resource/experiment/exp-k2009-f01-de,https://w3id.org/mexo/resource/study/study-karaboga-akay-2009
https://w3id.org/mexo/resource/experiment/exp-k2009-f01-ga,https://w3id.org/mexo/resource/study/study-karaboga-akay-2009
https://w3id.org/mexo/resource/experiment/exp-k2009-f01-pso,https://w3id.org/mexo/resource/study/study-karaboga-akay-2009
https://w3id.org/mexo/resource/experiment/exp-k2009-f02-abc,https://w3id.org/mexo/resource/study/study-karaboga-akay-2009
https://w3id.org/mexo/resource/experiment/exp-k2009-f02-de,https://w3id.org/mexo/resource/study/study-karaboga-akay-2009
https://w3id.org/mexo/resource/experiment/exp-k2009-f02-ga,https://w3id.org/mexo/resource/study/study-karaboga-akay-2009
https://w3id.org/mexo/resource/experiment/exp-k2009-f02-pso,https://w3id.org/mexo/resource/study/study-karaboga-akay-2009
https://w3id.org/mexo/resource/experiment/exp-k2009-f03-abc,https://w3id.org/mexo/resource/study/study-karaboga-akay-2009
https://w3id.org/mexo/resource/experiment/exp-k2009-f03-de,https://w3id.org/mexo/resource/study/study-karaboga-akay-2009
https://w3id.org/mexo/resource/experiment/exp-k2009-f03-ga,https://w3id.org/mexo/resource/study/study-karaboga-akay-2009
https://w3id.org/mexo/resource/experiment/exp-k2009-f03-pso,https://w3id.org/mexo/resource/study/study-karaboga-akay-2009
https://w3id.org/mexo/resource/experiment/exp-k2009-f04-abc,https://w3id.org/mexo/resource/study/study-karaboga-akay-2009
https://w3id.org/mexo/resource/experiment/exp-k2009-f04-de,https://w3id.org/mexo/resource/study/study-karaboga-akay-2009
https://w3id.org/mexo/resource/experiment/exp-k2009-f04-ga,https://w3id.org/mexo/resource/study/study-karaboga-akay-2009
https://w3id.org/mexo/resource/experiment/exp-k2009-f04-pso,https://w3id.org/mexo/resource/study/study-karaboga-akay-2009
https://w3id.org/mexo/resource/experiment/exp-k2009-f05-abc,https://w3id.org/mexo/resource/study/study-karaboga-akay-2009
https://w3id.org/mexo/resource/experiment/exp-k2009-f05-de,https://w3id.org/mexo/resource/study/study-karaboga-akay-2009
https://w3id.org/mexo/resource/experiment/exp-k2009-f05-ga,https://w3id.org/mexo/resource/study/study-karaboga-akay-2009
https://w3id.org/mexo/resource/experiment/exp-k2009-f05-pso,https://w3id.org/mexo/resource/study/study-karaboga-akay-2009
https://w3id.org/mexo/resource/experiment/exp-k2009-f06-abc,https://w3id.org/mexo/resource/study/study-karaboga-akay-2009
https://w3id.org/mexo/resource/experiment/exp-k2009-f06-de,https://w3id.org/mexo/resource/study/study-karaboga-akay-2009
https://w3id.org/mexo/resource/experiment/exp-k2009-f06-ga,https://w3id.org/mexo/resource/study/study-karaboga-akay-2009
https://w3id.org/mexo/resource/experiment/exp-k2009-f06-pso,https://w3id.org/mexo/resource/study/study-karaboga-akay-2009
https://w3id.org/mexo/resource/experiment/exp-k2009-f07-abc,https://w3id.org/mexo/resource/study/study-karaboga-akay-2009
https://w3id.org/mexo/resource/experiment/exp-k2009-f07-de,https://w3id.org/mexo/resource/study/study-karaboga-akay-2009
https://w3id.org/mexo/resource/experiment/exp-k2009-f07-ga,https://w3id.org/mexo/resource/study/study-karaboga-akay-2009
https://w3id.org/mexo/resource/experiment/exp-k2009-f07-pso,https://w3id.org/mexo/resource/study/study-karaboga-akay-2009
https://w3id.org/mexo/resource/experiment/exp-k2009-f08-abc,https://w3id.org/mexo/resource/study/study-karaboga-akay-2009
https://w3id.org/mexo/resource/experiment/exp-k2009-f08-de,https://w3id.org/mexo/resource/study/study-karaboga-akay-2009
https://w3id.org/mexo/resource/experiment/exp-k2009-f08-ga,https://w3id.org/mexo/resource/study/study-karaboga-akay-2009
https://w3id.org/mexo/resource/experiment/exp-k2009-f08-pso,https://w3id.org/mexo/resource/study/study-karaboga-akay-2009
https://w3id.org/mexo/resource/experiment/exp-k2009-f09-abc,https://w3id.org/mexo/resource/study/study-karaboga-akay-2009
https://w3id.org/mexo/resource/experiment/exp-k2009-f09-de,https://w3id.org/mexo/resource/study/study-karaboga-akay-2009
https://w3id.org/mexo/resource/experiment/exp-k2009-f09-ga,https://w3id.org/mexo/resource/study/study-karaboga-akay-2009
https://w3id.org/mexo/resource/experiment/exp-k2009-f09-pso,https://w3id.org/mexo/resource/study/study-karaboga-akay-2009
https://w3id.org/mexo/resource/experiment/exp-k2009-f10-abc,https://w3id.org/mexo/resource/study/study-karaboga-akay-2009
https://w3id.org/mexo/resource/experiment/exp-k2009-f10-de,https://w3id.org/mexo/resource/study/study-karaboga-akay-2009
https://w3id.org/mexo/resource/experiment/exp-k2009-f10-ga,https://w3id.org/mexo/resource/study/study-karaboga-akay-2009
https://w3id.org/mexo/resource/experiment/exp-k2009-f10-pso,https://w3id.org/mexo/resource/study/study-karaboga-akay-2009
https://w3id.org/mexo/resource/experiment/exp-k2009-f11-abc,https://w3id.org/mexo/resource/study/study-karaboga-akay-2009
https://w3id.org/mexo/resource/experiment/exp-k2009-f11-de,https://w3id.org/mexo/resource/study/study-karaboga-akay-2009
https://w3id.org/mexo/resource/experiment/exp-k2009-f11-ga,https://w3id.org/mexo/resource/study/study-karaboga-akay-2009
https://w3id.org/mexo/resource/experiment/exp-k2009-f11-pso,https://w3id.org/mexo/resource/study/study-karaboga-akay-2009
https://w3id.org/mexo/resource/experiment/exp-k2009-f12-abc,https://w3id.org/mexo/resource/study/study-karaboga-akay-2009
https://w3id.org/mexo/resource/experiment/exp-k2009-f12-de,https://w3id.org/mexo/resource/study/study-karaboga-akay-2009
https://w3id.org/mexo/resource/experiment/exp-k2009-f12-ga,https://w3id.org/mexo/resource/study/study-karaboga-akay-2009
https://w3id.org/mexo/resource/experiment/exp-k2009-f12-pso,https://w3id.org/mexo/resource/study/study-karaboga-akay-2009
https://w3id.org/mexo/resource/experiment/exp-k2009-f13-abc,https://w3id.org/mexo/resource/study/study-karaboga-akay-2009
https://w3id.org/mexo/resource/experiment/exp-k2009-f13-de,https://w3id.org/mexo/resource/study/study-karaboga-akay-2009
https://w3id.org/mexo/resource/experiment/exp-k2009-f13-ga,https://w3id.org/mexo/resource/study/study-karaboga-akay-2009
https://w3id.org/mexo/resource/experiment/exp-k2009-f13-pso,https://w3id.org/mexo/resource/study/study-karaboga-akay-2009
https://w3id.org/mexo/resource/experiment/exp-k2009-f14-abc,https://w3id.org/mexo/resource/study/study-karaboga-akay-2009
https://w3id.org/mexo/resource/experiment/exp-k2009-f14-de,https://w3id.org/mexo/resource/study/study-karaboga-akay-2009
https://w3id.org/mexo/resource/experiment/exp-k2009-f14-ga,https://w3id.org/mexo/resource/study/study-karaboga-akay-2009
https://w3id.org/mexo/resource/experiment/exp-k2009-f14-pso,https://w3id.org/mexo/resource/study/study-karaboga-akay-2009
https://w3id.org/mexo/resource/experiment/exp-k2009-f15-abc,https://w3id.org/mexo/resource/study/study-karaboga-akay-2009
https://w3id.org/mexo/resource/experiment/exp-k2009-f15-de,https://w3id.org/mexo/resource/study/study-karaboga-akay-2009
https://w3id.org/mexo/resource/experiment/exp-k2009-f15-ga,https://w3id.org/mexo/resource/study/study-karaboga-akay-2009
https://w3id.org/mexo/resource/experiment/exp-k2009-f15-pso,https://w3id.org/mexo/resource/study/study-karaboga-akay-2009
https://w3id.org/mexo/resource/experiment/exp-k2009-f16-abc,https://w3id.org/mexo/resource/study/study-karaboga-akay-2009
https://w3id.org/mexo/resource/experiment/exp-k2009-f16-de,https://w3id.org/mexo/resource/study/study-karaboga-akay-2009
https://w3id.org/mexo/resource/experiment/exp-k2009-f16-ga,https://w3id.org/mexo/resource/study/study-karaboga-akay-2009
https://w3id.org/mexo/resource/experiment/exp-k2009-f16-pso,https://w3id.org/mexo/resource/study/study-karaboga-akay-2009
https://w3id.org/mexo/resource/experiment/exp-k2009-f17-abc,https://w3id.org/mexo/resource/study/study-karaboga-akay-2009
https://w3id.org/mexo/resource/experiment/exp-k2009-f17-de,https://w3id.org/mexo/resource/study/study-karaboga-akay-2009
https://w3id.org/mexo/resource/experiment/exp-k2009-f17-ga,https://w3id.org/mexo/resource/study/study-karaboga-akay-2009
https://w3id.org/mexo/resource/experiment/exp-k2009-f17-pso,https://w3id.org/mexo/resource/study/study-karaboga-akay-2009
https://w3id.org/mexo/resource/experiment/exp-k2009-f18-abc,https://w3id.org/mexo/resource/study/study-karaboga-akay-2009
https://w3id.org/mexo/resource/experiment/exp-k2009-f18-de,https://w3id.org/mexo/resource/study/study-karaboga-akay-2009
https://w3id.org/mexo/resource/experiment/exp-k2009-f18-ga,https://w3id.org/mexo/resource/study/study-karaboga-akay-2009
https://w3id.org/mexo/resource/experiment/exp-k2009-f18-pso,https://w3id.org/mexo/resource/study/study-karaboga-akay-2009
https://w3id.org/mexo/resource/experiment/exp-k2009-f19-abc,https://w3id.org/mexo/resource/study/study-karaboga-akay-2009
https://w3id.org/mexo/resource/experiment/exp-k2009-f19-de,https://w3id.org/mexo/resource/study/study-karaboga-akay-2009
https://w3id.org/mexo/resource/experiment/exp-k2009-f19-ga,https://w3id.org/mexo/resource/study/study-karaboga-akay-2009
https://w3id.org/mexo/resource/experiment/exp-k2009-f19-pso,https://w3id.org/mexo/resource/study/study-karaboga-akay-2009
https://w3id.org/mexo/resource/experiment/exp-k2009-f20-abc,https://w3id.org/mexo/resource/study/study-karaboga-akay-2009
https://w3id.org/mexo/resource/experiment/exp-k2009-f20-de,https://w3id.org/mexo/resource/study/study-karaboga-akay-2009
https://w3id.org/mexo/resource/experiment/exp-k2009-f20-ga,https://w3id.org/mexo/resource/study/study-karaboga-akay-2009
https://w3id.org/mexo/resource/experiment/exp-k2009-f20-pso,https://w3id.org/mexo/resource/study/study-karaboga-akay-2009
https://w3id.org/mexo/resource/experiment/exp-k2009-f21-abc,https://w3id.org/mexo/resource/study/study-karaboga-akay-2009
https://w3id.org/mexo/resource/experiment/exp-k2009-f21-de,https://w3id.org/mexo/resource/study/study-karaboga-akay-2009
https://w3id.org/mexo/resource/experiment/exp-k2009-f21-ga,https://w3id.org/mexo/resource/study/study-karaboga-akay-2009
https://w3id.org/mexo/resource/experiment/exp-k2009-f21-pso,https://w3id.org/mexo/resource/study/study-karaboga-akay-2009
https://w3id.org/mexo/resource/experiment/exp-k2009-f22-abc,https://w3id.org/mexo/resource/study/study-karaboga-akay-2009
https://w3id.org/mexo/resource/experiment/exp-k2009-f22-de,https://w3id.org/mexo/resource/study/study-karaboga-akay-2009
https://w3id.org/mexo/resource/experiment/exp-k2009-f22-ga,https://w3id.org/mexo/resource/study/study-karaboga-akay-2009
https://w3id.org/mexo/resource/experiment/exp-k2009-f22-pso,https://w3id.org/mexo/resource/study/study-karaboga-akay-2009
https://w3id.org/mexo/resource/experiment/exp-k2009-f23-abc,https://w3id.org/mexo/resource/study/study-karaboga-akay-2009
https://w3id.org/mexo/resource/experiment/exp-k2009-f23-de,https://w3id.org/mexo/resource/study/study-karaboga-akay-2009
https://w3id.org/mexo/resource/experiment/exp-k2009-f23-ga,https://w3id.org/mexo/resource/study/study-karaboga-akay-2009
https://w3id.org/mexo/resource/experiment/exp-k2009-f23-pso,https://w3id.org/mexo/resource/study/study-karaboga-akay-2009
https://w3id.org/mexo/resource/experiment/exp-k2009-f24-abc,https://w3id.org/mexo/resource/study/study-karaboga-akay-2009
https://w3id.org/mexo/resource/experiment/exp-k2009-f24-de,https://w3id.org/mexo/resource/study/study-karaboga-akay-2009
https://w3id.org/mexo/resource/experiment/exp-k2009-f24-ga,https://w3id.org/mexo/resource/study/study-karaboga-akay-2009
https://w3id.org/mexo/resource/experiment/exp-k2009-f24-pso,https://w3id.org/mexo/resource/study/study-karaboga-akay-2009
https://w3id.org/mexo/resource/experiment/exp-k2009-f25-abc,https://w3id.org/mexo/resource/study/study-karaboga-akay-2009
https://w3id.org/mexo/resource/experiment/exp-k2009-f25-de,https://w3id.org/mexo/resource/study/study-karaboga-akay-2009
https://w3id.org/mexo/resource/experiment/exp-k2009-f25-ga,https://w3id.org/mexo/resource/study/study-karaboga-akay-2009
https://w3id.org/mexo/resource/experiment/exp-k2009-f25-pso,https://w3id.org/mexo/resource/study/study-karaboga-akay-2009
https://w3id.org/mexo/resource/experiment/exp-k2009-f26-abc,https://w3id.org/mexo/resource/study/study-karaboga-akay-2009
https://w3id.org/mexo/resource/experiment/exp-k2009-f26-de,https://w3id.org/mexo/resource/study/study-karaboga-akay-2009
https://w3id.org/mexo/resource/experiment/exp-k2009-f26-ga,https://w3id.org/mexo/resource/study/study-karaboga-akay-2009
https://w3id.org/mexo/resource/experiment/exp-k2009-f26-pso,https://w3id.org/mexo/resource/study/study-karaboga-akay-2009
https://w3id.org/mexo/resource/experiment/exp-k2009-f27-abc,https://w3id.org/mexo/resource/study/study-karaboga-akay-2009
https://w3id.org/mexo/resource/experiment/exp-k2009-f27-de,https://w3id.org/mexo/resource/study/study-karaboga-akay-2009
https://w3id.org/mexo/resource/experiment/exp-k2009-f27-ga,https://w3id.org/mexo/resource/study/study-karaboga-akay-2009
https://w3id.org/mexo/resource/experiment/exp-k2009-f27-pso,https://w3id.org/mexo/resource/study/study-karaboga-akay-2009
https://w3id.org/mexo/resource/experiment/exp-k2009-f28-abc,https://w3id.org/mexo/resource/study/study-karaboga-akay-2009
https://w3id.org/mexo/resource/experiment/exp-k2009-f28-de,https://w3id.org/mexo/resource/study/study-karaboga-akay-2009
https://w3id.org/mexo/resource/experiment/exp-k2009-f28-ga,https://w3id.org/mexo/resource/study/study-karaboga-akay-2009
https://w3id.org/mexo/resource/experiment/exp-k2009-f28-pso,https://w3id.org/mexo/resource/study/study-karaboga-akay-2009
https://w3id.org/mexo/resource/experiment/exp-k2009-f29-abc,https://w3id.org/mexo/resource/study/study-karaboga-akay-2009
https://w3id.org/mexo/resource/experiment/exp-k2009-f29-de,https://w3id.org/mexo/resource/study/study-karaboga-akay-2009
https://w3id.org/mexo/resource/experiment/exp-k2009-f29-ga,https://w3id.org/mexo/resource/study/study-karaboga-akay-2009
https://w3id.org/mexo/resource/experiment/exp-k2009-f29-pso,https://w3id.org/mexo/resource/study/study-karaboga-akay-2009
https://w3id.org/mexo/resource/experiment/exp-k2009-f30-abc,https://w3id.org/mexo/resource/study/study-karaboga-akay-2009
https://w3id.org/mexo/resource/experiment/exp-k2009-f30-de,https://w3id.org/mexo/resource/study/study-karaboga-akay-2009
https://w3id.org/mexo/resource/experiment/exp-k2009-f30-ga,https://w3id.org/mexo/resource/study/study-karaboga-akay-2009
https://w3id.org/mexo/resource/experiment/exp-k2009-f30-pso,https://w3id.org/mexo/resource/study/study-karaboga-akay-2009
https://w3id.org/mexo/resource/experiment/exp-k2009-f31-abc,https://w3id.org/mexo/resource/study/study-karaboga-akay-2009
https://w3id.org/mexo/resource/experiment/exp-k2009-f31-de,https://w3id.org/mexo/resource/study/study-karaboga-akay-2009
https://w3id.org/mexo/resource/experiment/exp-k2009-f31-ga,https://w3id.org/mexo/resource/study/study-karaboga-akay-2009
https://w3id.org/mexo/resource/experiment/exp-k2009-f31-pso,https://w3id.org/mexo/resource/study/study-karaboga-akay-2009
https://w3id.org/mexo/resource/experiment/exp-k2009-f32-abc,https://w3id.org/mexo/resource/study/study-karaboga-akay-2009
https://w3id.org/mexo/resource/experiment/exp-k2009-f32-de,https://w3id.org/mexo/resource/study/study-karaboga-akay-2009
https://w3id.org/mexo/resource/experiment/exp-k2009-f32-ga,https://w3id.org/mexo/resource/study/study-karaboga-akay-2009
https://w3id.org/mexo/resource/experiment/exp-k2009-f32-pso,https://w3id.org/mexo/resource/study/study-karaboga-akay-2009
https://w3id.org/mexo/resource/experiment/exp-k2009-f33-abc,https://w3id.org/mexo/resource/study/study-karaboga-akay-2009
https://w3id.org/mexo/resource/experiment/exp-k2009-f33-de,https://w3id.org/mexo/resource/study/study-karaboga-akay-2009
https://w3id.org/mexo/resource/experiment/exp-k2009-f33-ga,https://w3id.org/mexo/resource/study/study-karaboga-akay-2009
https://w3id.org/mexo/resource/experiment/exp-k2009-f33-pso,https://w3id.org/mexo/resource/study/study-karaboga-akay-2009
https://w3id.org/mexo/resource/experiment/exp-k2009-f34-abc,https://w3id.org/mexo/resource/study/study-karaboga-akay-2009
https://w3id.org/mexo/resource/experiment/exp-k2009-f34-de,https://w3id.org/mexo/resource/study/study-karaboga-akay-2009
https://w3id.org/mexo/resource/experiment/exp-k2009-f34-ga,https://w3id.org/mexo/resource/study/study-karaboga-akay-2009
https://w3id.org/mexo/resource/experiment/exp-k2009-f34-pso,https://w3id.org/mexo/resource/study/study-karaboga-akay-2009
https://w3id.org/mexo/resource/experiment/exp-k2009-f35-abc,https://w3id.org/mexo/resource/study/study-karaboga-akay-2009
https://w3id.org/mexo/resource/experiment/exp-k2009-f35-de,https://w3id.org/mexo/resource/study/study-karaboga-akay-2009
https://w3id.org/mexo/resource/experiment/exp-k2009-f35-ga,https://w3id.org/mexo/resource/study/study-karaboga-akay-2009
https://w3id.org/mexo/resource/experiment/exp-k2009-f35-pso,https://w3id.org/mexo/resource/study/study-karaboga-akay-2009
https://w3id.org/mexo/resource/experiment/exp-k2009-f36-abc,https://w3id.org/mexo/resource/study/study-karaboga-akay-2009
https://w3id.org/mexo/resource/experiment/exp-k2009-f36-de,https://w3id.org/mexo/resource/study/study-karaboga-akay-2009
https://w3id.org/mexo/resource/experiment/exp-k2009-f36-ga,https://w3id.org/mexo/resource/study/study-karaboga-akay-2009
https://w3id.org/mexo/resource/experiment/exp-k2009-f36-pso,https://w3id.org/mexo/resource/study/study-karaboga-akay-2009
https://w3id.org/mexo/resource/experiment/exp-k2009-f37-abc,https://w3id.org/mexo/resource/study/study-karaboga-akay-2009
https://w3id.org/mexo/resource/experiment/exp-k2009-f37-de,https://w3id.org/mexo/resource/study/study-karaboga-akay-2009
https://w3id.org/mexo/resource/experiment/exp-k2009-f37-ga,https://w3id.org/mexo/resource/study/study-karaboga-akay-2009
https://w3id.org/mexo/resource/experiment/exp-k2009-f37-pso,https://w3id.org/mexo/resource/study/study-karaboga-akay-2009
https://w3id.org/mexo/resource/experiment/exp-k2009-f38-abc,https://w3id.org/mexo/resource/study/study-karaboga-akay-2009
https://w3id.org/mexo/resource/experiment/exp-k2009-f38-de,https://w3id.org/mexo/resource/study/study-karaboga-akay-2009
https://w3id.org/mexo/resource/experiment/exp-k2009-f38-ga,https://w3id.org/mexo/resource/study/study-karaboga-akay-2009
https://w3id.org/mexo/resource/experiment/exp-k2009-f38-pso,https://w3id.org/mexo/resource/study/study-karaboga-akay-2009
https://w3id.org/mexo/resource/experiment/exp-k2009-f39-abc,https://w3id.org/mexo/resource/study/study-karaboga-akay-2009
https://w3id.org/mexo/resource/experiment/exp-k2009-f39-de,https://w3id.org/mexo/resource/study/study-karaboga-akay-2009
https://w3id.org/mexo/resource/experiment/exp-k2009-f39-ga,https://w3id.org/mexo/resource/study/study-karaboga-akay-2009
https://w3id.org/mexo/resource/experiment/exp-k2009-f39-pso,https://w3id.org/mexo/resource/study/study-karaboga-akay-2009
https://w3id.org/mexo/resource/experiment/exp-k2009-f40-abc,https://w3id.org/mexo/resource/study/study-karaboga-akay-2009
https://w3id.org/mexo/resource/experiment/exp-k2009-f40-de,https://w3id.org/mexo/resource/study/study-karaboga-akay-2009
https://w3id.org/mexo/resource/experiment/exp-k2009-f40-ga,https://w3id.org/mexo/resource/study/study-karaboga-akay-2009
https://w3id.org/mexo/resource/experiment/exp-k2009-f40-pso,https://w3id.org/mexo/resource/study/study-karaboga-akay-2009
https://w3id.org/mexo/resource/experiment/exp-k2009-f41-abc,https://w3id.org/mexo/resource/study/study-karaboga-akay-2009
https://w3id.org/mexo/resource/experiment/exp-k2009-f41-de,https://w3id.org/mexo/resource/study/study-karaboga-akay-2009
https://w3id.org/mexo/resource/experiment/exp-k2009-f41-ga,https://w3id.org/mexo/resource/study/study-karaboga-akay-2009
https://w3id.org/mexo/resource/experiment/exp-k2009-f41-pso,https://w3id.org/mexo/resource/study/study-karaboga-akay-2009
https://w3id.org/mexo/resource/experiment/exp-k2009-f42-abc,https://w3id.org/mexo/resource/study/study-karaboga-akay-2009
https://w3id.org/mexo/resource/experiment/exp-k2009-f42-de,https://w3id.org/mexo/resource/study/study-karaboga-akay-2009
https://w3id.org/mexo/resource/experiment/exp-k2009-f42-ga,https://w3id.org/mexo/resource/study/study-karaboga-akay-2009
https://w3id.org/mexo/resource/experiment/exp-k2009-f42-pso,https://w3id.org/mexo/resource/study/study-karaboga-akay-2009
https://w3id.org/mexo/resource/experiment/exp-k2009-f43-abc,https://w3id.org/mexo/resource/study/study-karaboga-akay-2009
https://w3id.org/mexo/resource/experiment/exp-k2009-f43-de,https://w3id.org/mexo/resource/study/study-karaboga-akay-2009
https://w3id.org/mexo/resource/experiment/exp-k2009-f43-ga,https://w3id.org/mexo/resource/study/study-karaboga-akay-2009
https://w3id.org/mexo/resource/experiment/exp-k2009-f43-pso,https://w3id.org/mexo/resource/study/study-karaboga-akay-2009
https://w3id.org/mexo/resource/experiment/exp-k2009-f44-abc,https://w3id.org/mexo/resource/study/study-karaboga-akay-2009
https://w3id.org/mexo/resource/experiment/exp-k2009-f44-de,https://w3id.org/mexo/resource/study/study-karaboga-akay-2009
https://w3id.org/mexo/resource/experiment/exp-k2009-f44-ga,https://w3id.org/mexo/resource/study/study-karaboga-akay-2009
https://w3id.org/mexo/resource/experiment/exp-k2009-f44-pso,https://w3id.org/mexo/resource/study/study-karaboga-akay-2009
https://w3id.org/mexo/resource/experiment/exp-k2009-f45-abc,https://w3id.org/mexo/resource/study/study-karaboga-akay-2009
https://w3id.org/mexo/resource/experiment/exp-k2009-f45-de,https://w3id.org/mexo/resource/study/study-karaboga-akay-2009
https://w3id.org/mexo/resource/experiment/exp-k2009-f45-ga,https://w3id.org/mexo/resource/study/study-karaboga-akay-2009
https://w3id.org/mexo/resource/experiment/exp-k2009-f45-pso,https://w3id.org/mexo/resource/study/study-karaboga-akay-2009
https://w3id.org/mexo/resource/experiment/exp-k2009-f46-abc,https://w3id.org/mexo/resource/study/study-karaboga-akay-2009
https://w3id.org/mexo/resource/experiment/exp-k2009-f46-de,https://w3id.org/mexo/resource/study/study-karaboga-akay-2009
https://w3id.org/mexo/resource/experiment/exp-k2009-f46-ga,https://w3id.org/mexo/resource/study/study-karaboga-akay-2009
https://w3id.org/mexo/resource/experiment/exp-k2009-f46-pso,https://w3id.org/mexo/resource/study/study-karaboga-akay-2009
https://w3id.org/mexo/resource/experiment/exp-k2009-f47-abc,https://w3id.org/mexo/resource/study/study-karaboga-akay-2009
https://w3id.org/mexo/resource/experiment/exp-k2009-f47-de,https://w3id.org/mexo/resource/study/study-karaboga-akay-2009
https://w3id.org/mexo/resource/experiment/exp-k2009-f47-ga,https://w3id.org/mexo/resource/study/study-karaboga-akay-2009
https://w3id.org/mexo/resource/experiment/exp-k2009-f47-pso,https://w3id.org/mexo/resource/study/study-karaboga-akay-2009
https://w3id.org/mexo/resource/experiment/exp-k2009-f48-abc,https://w3id.org/mexo/resource/study/study-karaboga-akay-2009
https://w3id.org/mexo/resource/experiment/exp-k2009-f48-de,https://w3id.org/mexo/resource/study/study-karaboga-akay-2009
https://w3id.org/mexo/resource/experiment/exp-k2009-f48-ga,https://w3id.org/mexo/resource/study/study-karaboga-akay-2009
https://w3id.org/mexo/resource/experiment/exp-k2009-f48-pso,https://w3id.org/mexo/resource/study/study-karaboga-akay-2009
https://w3id.org/mexo/resource/experiment/exp-k2009-f49-abc,https://w3id.org/mexo/resource/study/study-karaboga-akay-2009
https://w3id.org/mexo/resource/experiment/exp-k2009-f49-de,https://w3id.org/mexo/resource/study/study-karaboga-akay-2009
https://w3id.org/mexo/resource/experiment/exp-k2009-f49-ga,https://w3id.org/mexo/resource/study/study-karaboga-akay-2009
https://w3id.org/mexo/resource/experiment/exp-k2009-f49-pso,https://w3id.org/mexo/resource/study/study-karaboga-akay-2009
https://w3id.org/mexo/resource/experiment/exp-k2009-f50-abc,https://w3id.org/mexo/resource/study/study-karaboga-akay-2009
https://w3id.org/mexo/resource/experiment/exp-k2009-f50-de,https://w3id.org/mexo/resource/study/study-karaboga-akay-2009
https://w3id.org/mexo/resource/experiment/exp-k2009-f50-ga,https://w3id.org/mexo/resource/study/study-karaboga-akay-2009
https://w3id.org/mexo/resource/experiment/exp-k2009-f50-pso,https://w3id.org/mexo/resource/study/study-karaboga-akay-2009
